INSERT INTO APPUSER (ID, USERNAME, PASSWORD, FIRSTNAME, LASTNAME, EMAIL, ENABLED, LASTPASSWORDRESETDATE) VALUES (1, 'admin', '$2a$08$lDnHPz7eUkSi6ao14Twuau08mzhWrL4kyZGGU5xfiGALO/Vxd5DOi', 'admin', 'admin', 'admin@admin.com', TRUE, CURRENT_DATE );
INSERT INTO APPUSER (ID, USERNAME, PASSWORD, FIRSTNAME, LASTNAME, EMAIL, ENABLED, LASTPASSWORDRESETDATE) VALUES (2, '0885879', '$2a$08$UkVvwpULis18S19S5pZFn.YHPZt3oaqHZnDwqbCW9pft6uFtkXKDC', 'user', 'user', '0885879@user.com', TRUE, CURRENT_DATE );
INSERT INTO APPUSER (ID, USERNAME, PASSWORD, FIRSTNAME, LASTNAME, EMAIL, ENABLED, LASTPASSWORDRESETDATE) VALUES (3, '0774768', '$2a$08$UkVvwpULis18S19S5pZFn.YHPZt3oaqHZnDwqbCW9pft6uFtkXKDC', 'user', 'user', '0774768@user.com', TRUE, CURRENT_DATE );
INSERT INTO APPUSER (ID, USERNAME, PASSWORD, FIRSTNAME, LASTNAME, EMAIL, ENABLED, LASTPASSWORDRESETDATE) VALUES (4, '0663657', '$2a$08$UkVvwpULis18S19S5pZFn.YHPZt3oaqHZnDwqbCW9pft6uFtkXKDC', 'user', 'user', '0663657@user.com', TRUE, CURRENT_DATE );
INSERT INTO APPUSER (ID, USERNAME, PASSWORD, FIRSTNAME, LASTNAME, EMAIL, ENABLED, LASTPASSWORDRESETDATE) VALUES (5, 'receptionist', '$2a$08$UkVvwpULis18S19S5pZFn.YHPZt3oaqHZnDwqbCW9pft6uFtkXKDC', 'user', 'user', 'receptionist@user.com', TRUE, CURRENT_DATE );

INSERT INTO AUTHORITY (ID, NAME) VALUES (1, 'ROLE_USER');
INSERT INTO AUTHORITY (ID, NAME) VALUES (2, 'ROLE_ADMIN');
INSERT INTO AUTHORITY (ID, NAME) VALUES (3, 'ROLE_RECEPTIONIST');
INSERT INTO AUTHORITY (ID, NAME) VALUES (4, 'ROLE_STUDENT');
INSERT INTO AUTHORITY (ID, NAME) VALUES (5, 'ROLE_TEACHER');

INSERT INTO APPUSER_AUTHORITY (USER_ID, AUTHORITY_ID) VALUES (1, 1);
INSERT INTO APPUSER_AUTHORITY (USER_ID, AUTHORITY_ID) VALUES (1, 2);
INSERT INTO APPUSER_AUTHORITY (USER_ID, AUTHORITY_ID) VALUES (2, 1);
INSERT INTO APPUSER_AUTHORITY (USER_ID, AUTHORITY_ID) VALUES (3, 1);
INSERT INTO APPUSER_AUTHORITY (USER_ID, AUTHORITY_ID) VALUES (4, 1);
INSERT INTO APPUSER_AUTHORITY (USER_ID, AUTHORITY_ID) VALUES (5, 3);

INSERT INTO ROOM(ID, FLOORNUMBER, ROOMNUMBER) VALUES (1, 'H4', '3030');
INSERT INTO ROOM(ID, FLOORNUMBER, ROOMNUMBER) VALUES (2, 'H3', '4020');

INSERT INTO CLASS(ID, CLASSNAME) VALUES (1, 'INF1A');
INSERT INTO CLASS(ID, CLASSNAME) VALUES (2, 'INF1B');
INSERT INTO CLASS(ID, CLASSNAME) VALUES (3, 'INF1C');

INSERT INTO TEACHER(ID, NAME) VALUES (1, 'KNPM');
INSERT INTO TEACHER(ID, NAME) VALUES (2, 'MDVC');

SELECT * FROM reservation
WHERE startdate
BETWEEN '2018-07-03 09:59:00.000000' AND '2018-07-03 11:05:00.000000'
OR enddate
BETWEEN '2018-07-03 09:59:00.000000' AND '2018-07-03 11:05:00.000000';


SELECT message.id, message.senddate, message.msg, message.state
FROM message
INNER JOIN appuser_message
ON appuser_message.message_id = message.id
WHERE appuser_message.user_id = 4;
